,Unnamed: 0,blkio_stats__io_merged_recursive,blkio_stats__io_queue_recursive,blkio_stats__io_service_bytes_recursive,blkio_stats__io_service_time_recursive,blkio_stats__io_serviced_recursive,blkio_stats__io_wait_time_recursive,blkio_stats__sectors_recursive,cpu_periods,cpu_system_cpu_usage,cpu_throttled_periods,cpu_throttled_time,cpu_total_usage,cpu_usage_in_kernelmode,cpu_usage_in_usermode,id,memory_active_anon,memory_active_file,memory_cache,memory_dirty,memory_hierarchical_memory_limit,memory_hierarchical_memsw_limit,memory_inactive_anon,memory_inactive_file,memory_limit,memory_mapped_file,memory_max_usage,memory_pgfault,memory_pgmajfault,memory_pgpgin,memory_pgpgout,memory_rss,memory_rss_huge,memory_total_active_anon,memory_total_active_file,memory_total_cache,memory_total_dirty,memory_total_inactive_anon,memory_total_inactive_file,memory_total_mapped_file,memory_total_pgfault,memory_total_pgmajfault,memory_total_pgpgin,memory_total_pgpgout,memory_total_rss,memory_total_rss_huge,memory_total_unevictable,memory_total_writeback,memory_unevictable,memory_usage,memory_writeback,name,networks_rx_bytes,networks_rx_dropped,networks_rx_errors,networks_rx_packets,networks_tx_bytes,networks_tx_dropped,networks_tx_errors,networks_tx_packets,num_procs,online_cpus,pids_stats,precpu_periods,precpu_throttled_periods,precpu_throttled_time,precpu_total_usage,precpu_usage_in_kernelmode,precpu_usage_in_usermode,system_cpu_usage
0,0.0,,,,,,,,0,,0,0,7719571,0,0,9152a4fe0899b0b6144ed90e1e6961e72a62c1111b4cec35f8489d47d3f186ec,4775936.0,0.0,0.0,0.0,9.223372036854772e+18,0.0,0.0,0.0,8255848448.0,0.0,5558272.0,1395.0,0.0,1166.0,0.0,4775936.0,0.0,4775936.0,0.0,0.0,0.0,0.0,0.0,0.0,1395.0,0.0,1166.0,0.0,4775936.0,0.0,0.0,0.0,0.0,5267456.0,0.0,Test_ram_eater,638.0,0.0,0.0,7.0,273.0,0.0,0.0,4.0,0,8.0,8,0,0,0,0,0,0,42492570000000.0
1,,,,,,,,,0,,0,0,7719571,0,0,9152a4fe0899b0b6144ed90e1e6961e72a62c1111b4cec35f8489d47d3f186ec,4775936.0,0.0,0.0,0.0,9.223372036854772e+18,0.0,0.0,0.0,8255848448.0,0.0,5558272.0,1395.0,0.0,1166.0,0.0,4775936.0,0.0,4775936.0,0.0,0.0,0.0,0.0,0.0,0.0,1395.0,0.0,1166.0,0.0,4775936.0,0.0,0.0,0.0,0.0,5267456.0,0.0,Test_ram_eater,1125936.0,0.0,0.0,489.0,25751.0,0.0,0.0,357.0,0,8.0,8,0,0,0,0,0,0,42508570000000.0
2,,,,,,,,,0,,0,0,7719571,0,0,9152a4fe0899b0b6144ed90e1e6961e72a62c1111b4cec35f8489d47d3f186ec,4775936.0,0.0,0.0,0.0,9.223372036854772e+18,0.0,0.0,0.0,8255848448.0,0.0,5558272.0,1395.0,0.0,1166.0,0.0,4775936.0,0.0,4775936.0,0.0,0.0,0.0,0.0,0.0,0.0,1395.0,0.0,1166.0,0.0,4775936.0,0.0,0.0,0.0,0.0,5267456.0,0.0,Test_ram_eater,16563079.0,0.0,0.0,2704.0,139845.0,0.0,0.0,1987.0,0,8.0,8,0,0,0,0,0,0,42524590000000.0
3,,,,,,,,,0,,0,0,7719571,0,0,9152a4fe0899b0b6144ed90e1e6961e72a62c1111b4cec35f8489d47d3f186ec,4775936.0,0.0,0.0,0.0,9.223372036854772e+18,0.0,0.0,0.0,8255848448.0,0.0,5558272.0,1395.0,0.0,1166.0,0.0,4775936.0,0.0,4775936.0,0.0,0.0,0.0,0.0,0.0,0.0,1395.0,0.0,1166.0,0.0,4775936.0,0.0,0.0,0.0,0.0,5267456.0,0.0,Test_ram_eater,16564105.0,0.0,0.0,2713.0,140221.0,0.0,0.0,1993.0,0,8.0,8,0,0,0,0,0,0,42540690000000.0
4,,,,,,,,,0,,0,0,7719571,0,0,9152a4fe0899b0b6144ed90e1e6961e72a62c1111b4cec35f8489d47d3f186ec,4775936.0,0.0,0.0,0.0,9.223372036854772e+18,0.0,0.0,0.0,8255848448.0,0.0,5558272.0,1395.0,0.0,1166.0,0.0,4775936.0,0.0,4775936.0,0.0,0.0,0.0,0.0,0.0,0.0,1395.0,0.0,1166.0,0.0,4775936.0,0.0,0.0,0.0,0.0,5267456.0,0.0,Test_ram_eater,16564376.0,0.0,0.0,2716.0,140221.0,0.0,0.0,1993.0,0,8.0,8,0,0,0,0,0,0,42556760000000.0
5,,,,,,,,,0,,0,0,7719571,0,0,9152a4fe0899b0b6144ed90e1e6961e72a62c1111b4cec35f8489d47d3f186ec,4775936.0,0.0,0.0,0.0,9.223372036854772e+18,0.0,0.0,0.0,8255848448.0,0.0,5558272.0,1395.0,0.0,1166.0,0.0,4775936.0,0.0,4775936.0,0.0,0.0,0.0,0.0,0.0,0.0,1395.0,0.0,1166.0,0.0,4775936.0,0.0,0.0,0.0,0.0,5267456.0,0.0,Test_ram_eater,17633550.0,0.0,0.0,3291.0,175719.0,0.0,0.0,2526.0,0,8.0,8,0,0,0,0,0,0,42572900000000.0
6,,,,,,,,,0,,0,0,7719571,0,0,9152a4fe0899b0b6144ed90e1e6961e72a62c1111b4cec35f8489d47d3f186ec,4775936.0,0.0,0.0,0.0,9.223372036854772e+18,0.0,0.0,0.0,8255848448.0,0.0,5558272.0,1395.0,0.0,1166.0,0.0,4775936.0,0.0,4775936.0,0.0,0.0,0.0,0.0,0.0,0.0,1395.0,0.0,1166.0,0.0,4775936.0,0.0,0.0,0.0,0.0,5267456.0,0.0,Test_ram_eater,24040107.0,0.0,0.0,4184.0,218963.0,0.0,0.0,3106.0,0,8.0,8,0,0,0,0,0,0,42588920000000.0
7,,,,,,,,,0,,0,0,7719571,0,0,9152a4fe0899b0b6144ed90e1e6961e72a62c1111b4cec35f8489d47d3f186ec,4775936.0,0.0,0.0,0.0,9.223372036854772e+18,0.0,0.0,0.0,8255848448.0,0.0,5558272.0,1395.0,0.0,1166.0,0.0,4775936.0,0.0,4775936.0,0.0,0.0,0.0,0.0,0.0,0.0,1395.0,0.0,1166.0,0.0,4775936.0,0.0,0.0,0.0,0.0,5267456.0,0.0,Test_ram_eater,24040107.0,0.0,0.0,4184.0,218963.0,0.0,0.0,3106.0,0,8.0,8,0,0,0,0,0,0,42605030000000.0
8,,,,,,,,,0,,0,0,7719571,0,0,9152a4fe0899b0b6144ed90e1e6961e72a62c1111b4cec35f8489d47d3f186ec,4775936.0,0.0,0.0,0.0,9.223372036854772e+18,0.0,0.0,0.0,8255848448.0,0.0,5558272.0,1395.0,0.0,1166.0,0.0,4775936.0,0.0,4775936.0,0.0,0.0,0.0,0.0,0.0,0.0,1395.0,0.0,1166.0,0.0,4775936.0,0.0,0.0,0.0,0.0,5267456.0,0.0,Test_ram_eater,24040214.0,0.0,0.0,4185.0,219033.0,0.0,0.0,3107.0,0,8.0,8,0,0,0,0,0,0,42621130000000.0
9,,,,,,,,,0,,0,0,7719571,0,0,9152a4fe0899b0b6144ed90e1e6961e72a62c1111b4cec35f8489d47d3f186ec,4775936.0,0.0,0.0,0.0,9.223372036854772e+18,0.0,0.0,0.0,8255848448.0,0.0,5558272.0,1395.0,0.0,1166.0,0.0,4775936.0,0.0,4775936.0,0.0,0.0,0.0,0.0,0.0,0.0,1395.0,0.0,1166.0,0.0,4775936.0,0.0,0.0,0.0,0.0,5267456.0,0.0,Test_ram_eater,24040214.0,0.0,0.0,4185.0,219033.0,0.0,0.0,3107.0,0,8.0,8,0,0,0,0,0,0,42637260000000.0
10,,,,,,,,,0,,0,0,7804675,0,0,9152a4fe0899b0b6144ed90e1e6961e72a62c1111b4cec35f8489d47d3f186ec,4775936.0,0.0,0.0,0.0,9.223372036854772e+18,0.0,0.0,0.0,8255848448.0,0.0,5558272.0,1395.0,0.0,1166.0,0.0,4775936.0,0.0,4775936.0,0.0,0.0,0.0,0.0,0.0,0.0,1395.0,0.0,1166.0,0.0,4775936.0,0.0,0.0,0.0,0.0,5267456.0,0.0,Test_ram_eater,24040214.0,0.0,0.0,4185.0,219033.0,0.0,0.0,3107.0,0,8.0,8,0,0,0,0,0,0,42653300000000.0
11,,,,,,,,,0,,0,0,7804675,0,0,9152a4fe0899b0b6144ed90e1e6961e72a62c1111b4cec35f8489d47d3f186ec,4775936.0,0.0,0.0,0.0,9.223372036854772e+18,0.0,0.0,0.0,8255848448.0,0.0,5558272.0,1395.0,0.0,1166.0,0.0,4775936.0,0.0,4775936.0,0.0,0.0,0.0,0.0,0.0,0.0,1395.0,0.0,1166.0,0.0,4775936.0,0.0,0.0,0.0,0.0,5267456.0,0.0,Test_ram_eater,24040214.0,0.0,0.0,4185.0,219033.0,0.0,0.0,3107.0,0,8.0,8,0,0,0,0,0,0,42669370000000.0
12,,,,,,,,,0,,0,0,10051037,0,0,9152a4fe0899b0b6144ed90e1e6961e72a62c1111b4cec35f8489d47d3f186ec,0.0,0.0,0.0,0.0,9.223372036854772e+18,0.0,0.0,0.0,8255848448.0,0.0,5791744.0,1406.0,0.0,1175.0,1175.0,0.0,0.0,0.0,0.0,0.0,0.0,0.0,0.0,0.0,1406.0,0.0,1175.0,1175.0,0.0,0.0,0.0,0.0,0.0,376832.0,0.0,Test_ram_eater,24040214.0,0.0,0.0,4185.0,219033.0,0.0,0.0,3107.0,0,8.0,0,0,0,0,0,0,0,42685400000000.0
0,0.0,,,,,,,,0,,0,0,7472066,0,0,70ef27e8b726b15837edb671a390d2fab0d77c98edfa268531bc54689c6fe632,5160960.0,0.0,0.0,0.0,9.223372036854772e+18,0.0,0.0,0.0,8255848448.0,0.0,5857280.0,1493.0,0.0,1260.0,0.0,5160960.0,0.0,5160960.0,0.0,0.0,0.0,0.0,0.0,0.0,1493.0,0.0,1260.0,0.0,5160960.0,0.0,0.0,0.0,0.0,5668864.0,0.0,Test_packet_flooder,59960.0,0.0,0.0,31.0,1917.0,0.0,0.0,23.0,0,8.0,7,0,0,0,0,0,0,41814540000000.0
1,,,,,,,,,0,,0,0,7472066,0,0,70ef27e8b726b15837edb671a390d2fab0d77c98edfa268531bc54689c6fe632,5160960.0,0.0,0.0,0.0,9.223372036854772e+18,0.0,0.0,0.0,8255848448.0,0.0,5857280.0,1493.0,0.0,1260.0,0.0,5160960.0,0.0,5160960.0,0.0,0.0,0.0,0.0,0.0,0.0,1493.0,0.0,1260.0,0.0,5160960.0,0.0,0.0,0.0,0.0,5668864.0,0.0,Test_packet_flooder,1451357.0,0.0,0.0,694.0,41247.0,0.0,0.0,575.0,0,8.0,7,0,0,0,0,0,0,41830590000000.0
2,,,,,,,,,0,,0,0,7472066,0,0,70ef27e8b726b15837edb671a390d2fab0d77c98edfa268531bc54689c6fe632,5160960.0,0.0,0.0,0.0,9.223372036854772e+18,0.0,0.0,0.0,8255848448.0,0.0,5857280.0,1493.0,0.0,1260.0,0.0,5160960.0,0.0,5160960.0,0.0,0.0,0.0,0.0,0.0,0.0,1493.0,0.0,1260.0,0.0,5160960.0,0.0,0.0,0.0,0.0,5668864.0,0.0,Test_packet_flooder,9021354.0,0.0,0.0,4612.0,210609.0,0.0,0.0,3103.0,0,8.0,7,0,0,0,0,0,0,41846750000000.0
3,,,,,,,,,0,,0,0,7472066,0,0,70ef27e8b726b15837edb671a390d2fab0d77c98edfa268531bc54689c6fe632,5160960.0,0.0,0.0,0.0,9.223372036854772e+18,0.0,0.0,0.0,8255848448.0,0.0,5857280.0,1493.0,0.0,1260.0,0.0,5160960.0,0.0,5160960.0,0.0,0.0,0.0,0.0,0.0,0.0,1493.0,0.0,1260.0,0.0,5160960.0,0.0,0.0,0.0,0.0,5668864.0,0.0,Test_packet_flooder,16874380.0,0.0,0.0,7429.0,312421.0,0.0,0.0,4645.0,0,8.0,7,0,0,0,0,0,0,41862740000000.0
4,,,,,,,,,0,,0,0,7472066,0,0,70ef27e8b726b15837edb671a390d2fab0d77c98edfa268531bc54689c6fe632,5160960.0,0.0,0.0,0.0,9.223372036854772e+18,0.0,0.0,0.0,8255848448.0,0.0,5857280.0,1493.0,0.0,1260.0,0.0,5160960.0,0.0,5160960.0,0.0,0.0,0.0,0.0,0.0,0.0,1493.0,0.0,1260.0,0.0,5160960.0,0.0,0.0,0.0,0.0,5668864.0,0.0,Test_packet_flooder,16874783.0,0.0,0.0,7434.0,312685.0,0.0,0.0,4649.0,0,8.0,7,0,0,0,0,0,0,41878790000000.0
5,,,,,,,,,0,,0,0,7472066,0,0,70ef27e8b726b15837edb671a390d2fab0d77c98edfa268531bc54689c6fe632,5160960.0,0.0,0.0,0.0,9.223372036854772e+18,0.0,0.0,0.0,8255848448.0,0.0,5857280.0,1493.0,0.0,1260.0,0.0,5160960.0,0.0,5160960.0,0.0,0.0,0.0,0.0,0.0,0.0,1493.0,0.0,1260.0,0.0,5160960.0,0.0,0.0,0.0,0.0,5668864.0,0.0,Test_packet_flooder,16875083.0,0.0,0.0,7436.0,312915.0,0.0,0.0,4652.0,0,8.0,7,0,0,0,0,0,0,41894910000000.0
6,,,,,,,,,0,,0,0,7472066,0,0,70ef27e8b726b15837edb671a390d2fab0d77c98edfa268531bc54689c6fe632,5160960.0,0.0,0.0,0.0,9.223372036854772e+18,0.0,0.0,0.0,8255848448.0,0.0,5857280.0,1493.0,0.0,1260.0,0.0,5160960.0,0.0,5160960.0,0.0,0.0,0.0,0.0,0.0,0.0,1493.0,0.0,1260.0,0.0,5160960.0,0.0,0.0,0.0,0.0,5668864.0,0.0,Test_packet_flooder,16968900.0,0.0,0.0,7469.0,315764.0,0.0,0.0,4686.0,0,8.0,7,0,0,0,0,0,0,41910990000000.0
7,,,,,,,,,0,,0,0,7472066,0,0,70ef27e8b726b15837edb671a390d2fab0d77c98edfa268531bc54689c6fe632,5160960.0,0.0,0.0,0.0,9.223372036854772e+18,0.0,0.0,0.0,8255848448.0,0.0,5857280.0,1493.0,0.0,1260.0,0.0,5160960.0,0.0,5160960.0,0.0,0.0,0.0,0.0,0.0,0.0,1493.0,0.0,1260.0,0.0,5160960.0,0.0,0.0,0.0,0.0,5668864.0,0.0,Test_packet_flooder,16968900.0,0.0,0.0,7469.0,315834.0,0.0,0.0,4687.0,0,8.0,7,0,0,0,0,0,0,41927140000000.0
8,,,,,,,,,0,,0,0,7472066,0,0,70ef27e8b726b15837edb671a390d2fab0d77c98edfa268531bc54689c6fe632,5160960.0,0.0,0.0,0.0,9.223372036854772e+18,0.0,0.0,0.0,8255848448.0,0.0,5857280.0,1493.0,0.0,1260.0,0.0,5160960.0,0.0,5160960.0,0.0,0.0,0.0,0.0,0.0,0.0,1493.0,0.0,1260.0,0.0,5160960.0,0.0,0.0,0.0,0.0,5668864.0,0.0,Test_packet_flooder,16983867.0,0.0,0.0,7476.0,316546.0,0.0,0.0,4695.0,0,8.0,7,0,0,0,0,0,0,41943260000000.0
9,,,,,,,,,0,,0,0,7472066,0,0,70ef27e8b726b15837edb671a390d2fab0d77c98edfa268531bc54689c6fe632,5160960.0,0.0,0.0,0.0,9.223372036854772e+18,0.0,0.0,0.0,8255848448.0,0.0,5857280.0,1493.0,0.0,1260.0,0.0,5160960.0,0.0,5160960.0,0.0,0.0,0.0,0.0,0.0,0.0,1493.0,0.0,1260.0,0.0,5160960.0,0.0,0.0,0.0,0.0,5668864.0,0.0,Test_packet_flooder,24439142.0,0.0,0.0,8832.0,376346.0,0.0,0.0,5547.0,0,8.0,7,0,0,0,0,0,0,41959460000000.0
10,,,,,,,,,0,,0,0,7700396,0,0,70ef27e8b726b15837edb671a390d2fab0d77c98edfa268531bc54689c6fe632,5177344.0,0.0,0.0,0.0,9.223372036854772e+18,0.0,0.0,0.0,8255848448.0,0.0,5931008.0,1497.0,0.0,1264.0,0.0,5177344.0,0.0,5177344.0,0.0,0.0,0.0,0.0,0.0,0.0,1497.0,0.0,1264.0,0.0,5177344.0,0.0,0.0,0.0,0.0,5763072.0,0.0,Test_packet_flooder,24439208.0,0.0,0.0,8833.0,376478.0,0.0,0.0,5549.0,0,8.0,8,0,0,0,0,0,0,41975450000000.0
11,,,,,,,,,0,,0,0,7700396,0,0,70ef27e8b726b15837edb671a390d2fab0d77c98edfa268531bc54689c6fe632,5177344.0,0.0,0.0,0.0,9.223372036854772e+18,0.0,0.0,0.0,8255848448.0,0.0,5931008.0,1497.0,0.0,1264.0,0.0,5177344.0,0.0,5177344.0,0.0,0.0,0.0,0.0,0.0,0.0,1497.0,0.0,1264.0,0.0,5177344.0,0.0,0.0,0.0,0.0,5763072.0,0.0,Test_packet_flooder,24439208.0,0.0,0.0,8833.0,376478.0,0.0,0.0,5549.0,0,8.0,8,0,0,0,0,0,0,41991540000000.0
12,,,,,,,,,0,,0,0,7700396,0,0,70ef27e8b726b15837edb671a390d2fab0d77c98edfa268531bc54689c6fe632,5177344.0,0.0,0.0,0.0,9.223372036854772e+18,0.0,0.0,0.0,8255848448.0,0.0,5931008.0,1497.0,0.0,1264.0,0.0,5177344.0,0.0,5177344.0,0.0,0.0,0.0,0.0,0.0,0.0,1497.0,0.0,1264.0,0.0,5177344.0,0.0,0.0,0.0,0.0,5763072.0,0.0,Test_packet_flooder,24439208.0,0.0,0.0,8833.0,376478.0,0.0,0.0,5549.0,0,8.0,8,0,0,0,0,0,0,42007640000000.0
13,,,,,,,,,0,,0,0,7700396,0,0,70ef27e8b726b15837edb671a390d2fab0d77c98edfa268531bc54689c6fe632,5177344.0,0.0,0.0,0.0,9.223372036854772e+18,0.0,0.0,0.0,8255848448.0,0.0,5931008.0,1497.0,0.0,1264.0,0.0,5177344.0,0.0,5177344.0,0.0,0.0,0.0,0.0,0.0,0.0,1497.0,0.0,1264.0,0.0,5177344.0,0.0,0.0,0.0,0.0,5763072.0,0.0,Test_packet_flooder,24439278.0,0.0,0.0,8834.0,376478.0,0.0,0.0,5549.0,0,8.0,8,0,0,0,0,0,0,42023700000000.0
14,,,,,,,,,0,,0,0,7700396,0,0,70ef27e8b726b15837edb671a390d2fab0d77c98edfa268531bc54689c6fe632,5177344.0,0.0,0.0,0.0,9.223372036854772e+18,0.0,0.0,0.0,8255848448.0,0.0,5931008.0,1497.0,0.0,1264.0,0.0,5177344.0,0.0,5177344.0,0.0,0.0,0.0,0.0,0.0,0.0,1497.0,0.0,1264.0,0.0,5177344.0,0.0,0.0,0.0,0.0,5763072.0,0.0,Test_packet_flooder,24439278.0,0.0,0.0,8834.0,376548.0,0.0,0.0,5550.0,0,8.0,8,0,0,0,0,0,0,42039690000000.0
15,,,,,,,,,0,,0,0,7700396,0,0,70ef27e8b726b15837edb671a390d2fab0d77c98edfa268531bc54689c6fe632,5177344.0,0.0,0.0,0.0,9.223372036854772e+18,0.0,0.0,0.0,8255848448.0,0.0,5931008.0,1497.0,0.0,1264.0,0.0,5177344.0,0.0,5177344.0,0.0,0.0,0.0,0.0,0.0,0.0,1497.0,0.0,1264.0,0.0,5177344.0,0.0,0.0,0.0,0.0,5763072.0,0.0,Test_packet_flooder,24441026.0,0.0,0.0,8852.0,378404.0,0.0,0.0,5570.0,0,8.0,8,0,0,0,0,0,0,42055900000000.0
16,,,,,,,,,0,,0,0,7700396,0,0,70ef27e8b726b15837edb671a390d2fab0d77c98edfa268531bc54689c6fe632,5177344.0,0.0,0.0,0.0,9.223372036854772e+18,0.0,0.0,0.0,8255848448.0,0.0,5931008.0,1497.0,0.0,1264.0,0.0,5177344.0,0.0,5177344.0,0.0,0.0,0.0,0.0,0.0,0.0,1497.0,0.0,1264.0,0.0,5177344.0,0.0,0.0,0.0,0.0,5763072.0,0.0,Test_packet_flooder,24491587.0,0.0,0.0,9368.0,428966.0,0.0,0.0,6087.0,0,8.0,8,0,0,0,0,0,0,42071840000000.0
17,,,,,,,,,0,,0,0,7700396,0,0,70ef27e8b726b15837edb671a390d2fab0d77c98edfa268531bc54689c6fe632,5177344.0,0.0,0.0,0.0,9.223372036854772e+18,0.0,0.0,0.0,8255848448.0,0.0,5931008.0,1497.0,0.0,1264.0,0.0,5177344.0,0.0,5177344.0,0.0,0.0,0.0,0.0,0.0,0.0,1497.0,0.0,1264.0,0.0,5177344.0,0.0,0.0,0.0,0.0,5763072.0,0.0,Test_packet_flooder,24576839.0,0.0,0.0,10238.0,514272.0,0.0,0.0,6958.0,0,8.0,8,0,0,0,0,0,0,42087630000000.0
18,,,,,,,,,0,,0,0,7700396,0,0,70ef27e8b726b15837edb671a390d2fab0d77c98edfa268531bc54689c6fe632,5177344.0,0.0,0.0,0.0,9.223372036854772e+18,0.0,0.0,0.0,8255848448.0,0.0,5931008.0,1497.0,0.0,1264.0,0.0,5177344.0,0.0,5177344.0,0.0,0.0,0.0,0.0,0.0,0.0,1497.0,0.0,1264.0,0.0,5177344.0,0.0,0.0,0.0,0.0,5763072.0,0.0,Test_packet_flooder,24668763.0,0.0,0.0,11176.0,606196.0,0.0,0.0,7896.0,0,8.0,8,0,0,0,0,0,0,42103360000000.0
19,,,,,,,,,0,,0,0,7700396,0,0,70ef27e8b726b15837edb671a390d2fab0d77c98edfa268531bc54689c6fe632,5177344.0,0.0,0.0,0.0,9.223372036854772e+18,0.0,0.0,0.0,8255848448.0,0.0,5931008.0,1497.0,0.0,1264.0,0.0,5177344.0,0.0,5177344.0,0.0,0.0,0.0,0.0,0.0,0.0,1497.0,0.0,1264.0,0.0,5177344.0,0.0,0.0,0.0,0.0,5763072.0,0.0,Test_packet_flooder,24761667.0,0.0,0.0,12124.0,699100.0,0.0,0.0,8844.0,0,8.0,8,0,0,0,0,0,0,42119240000000.0
20,,,,,,,,,0,,0,0,7700396,0,0,70ef27e8b726b15837edb671a390d2fab0d77c98edfa268531bc54689c6fe632,5177344.0,0.0,0.0,0.0,9.223372036854772e+18,0.0,0.0,0.0,8255848448.0,0.0,5931008.0,1497.0,0.0,1264.0,0.0,5177344.0,0.0,5177344.0,0.0,0.0,0.0,0.0,0.0,0.0,1497.0,0.0,1264.0,0.0,5177344.0,0.0,0.0,0.0,0.0,5763072.0,0.0,Test_packet_flooder,24853493.0,0.0,0.0,13061.0,790926.0,0.0,0.0,9781.0,0,8.0,8,0,0,0,0,0,0,42134860000000.0
21,,,,,,,,,0,,0,0,7700396,0,0,70ef27e8b726b15837edb671a390d2fab0d77c98edfa268531bc54689c6fe632,5177344.0,0.0,0.0,0.0,9.223372036854772e+18,0.0,0.0,0.0,8255848448.0,0.0,5931008.0,1497.0,0.0,1264.0,0.0,5177344.0,0.0,5177344.0,0.0,0.0,0.0,0.0,0.0,0.0,1497.0,0.0,1264.0,0.0,5177344.0,0.0,0.0,0.0,0.0,5763072.0,0.0,Test_packet_flooder,24910235.0,0.0,0.0,13640.0,847374.0,0.0,0.0,10357.0,0,8.0,8,0,0,0,0,0,0,42150930000000.0
22,,,,,,,,,0,,0,0,10362901,0,0,70ef27e8b726b15837edb671a390d2fab0d77c98edfa268531bc54689c6fe632,0.0,0.0,0.0,0.0,9.223372036854772e+18,0.0,0.0,0.0,8255848448.0,0.0,6287360.0,1510.0,0.0,1274.0,1274.0,0.0,0.0,0.0,0.0,0.0,0.0,0.0,0.0,0.0,1510.0,0.0,1274.0,1274.0,0.0,0.0,0.0,0.0,0.0,491520.0,0.0,Test_packet_flooder,24930325.0,0.0,0.0,13845.0,867268.0,0.0,0.0,10560.0,0,8.0,0,0,0,0,0,0,0,42169350000000.0
0,0.0,,,,,,,,0,,0,0,7361674,0,0,25544d0b40e9a5f144e40323807e7b69a841f7ea88f0298fe9db72a9413d50c1,5185536.0,0.0,0.0,0.0,9.223372036854772e+18,0.0,0.0,0.0,8255848448.0,0.0,6094848.0,1493.0,0.0,1266.0,0.0,5185536.0,0.0,5185536.0,0.0,0.0,0.0,0.0,0.0,0.0,1493.0,0.0,1266.0,0.0,5185536.0,0.0,0.0,0.0,0.0,5685248.0,0.0,Test_cpu_eater,528.0,0.0,0.0,6.0,0.0,0.0,0.0,0.0,0,8.0,8,0,0,0,0,0,0,42202890000000.0
1,,,,,,,,,0,,0,0,7361674,0,0,25544d0b40e9a5f144e40323807e7b69a841f7ea88f0298fe9db72a9413d50c1,5185536.0,0.0,0.0,0.0,9.223372036854772e+18,0.0,0.0,0.0,8255848448.0,0.0,6094848.0,1493.0,0.0,1266.0,0.0,5185536.0,0.0,5185536.0,0.0,0.0,0.0,0.0,0.0,0.0,1493.0,0.0,1266.0,0.0,5185536.0,0.0,0.0,0.0,0.0,5685248.0,0.0,Test_cpu_eater,497505.0,0.0,0.0,185.0,11629.0,0.0,0.0,162.0,0,8.0,8,0,0,0,0,0,0,42218820000000.0
2,,,,,,,,,0,,0,0,7361674,0,0,25544d0b40e9a5f144e40323807e7b69a841f7ea88f0298fe9db72a9413d50c1,5185536.0,0.0,0.0,0.0,9.223372036854772e+18,0.0,0.0,0.0,8255848448.0,0.0,6094848.0,1493.0,0.0,1266.0,0.0,5185536.0,0.0,5185536.0,0.0,0.0,0.0,0.0,0.0,0.0,1493.0,0.0,1266.0,0.0,5185536.0,0.0,0.0,0.0,0.0,5685248.0,0.0,Test_cpu_eater,16553544.0,0.0,0.0,2624.0,140959.0,0.0,0.0,2050.0,0,8.0,8,0,0,0,0,0,0,42234890000000.0
3,,,,,,,,,0,,0,0,7361674,0,0,25544d0b40e9a5f144e40323807e7b69a841f7ea88f0298fe9db72a9413d50c1,5185536.0,0.0,0.0,0.0,9.223372036854772e+18,0.0,0.0,0.0,8255848448.0,0.0,6094848.0,1493.0,0.0,1266.0,0.0,5185536.0,0.0,5185536.0,0.0,0.0,0.0,0.0,0.0,0.0,1493.0,0.0,1266.0,0.0,5185536.0,0.0,0.0,0.0,0.0,5685248.0,0.0,Test_cpu_eater,16554528.0,0.0,0.0,2632.0,141223.0,0.0,0.0,2054.0,0,8.0,8,0,0,0,0,0,0,42250980000000.0
4,,,,,,,,,0,,0,0,7361674,0,0,25544d0b40e9a5f144e40323807e7b69a841f7ea88f0298fe9db72a9413d50c1,5185536.0,0.0,0.0,0.0,9.223372036854772e+18,0.0,0.0,0.0,8255848448.0,0.0,6094848.0,1493.0,0.0,1266.0,0.0,5185536.0,0.0,5185536.0,0.0,0.0,0.0,0.0,0.0,0.0,1493.0,0.0,1266.0,0.0,5185536.0,0.0,0.0,0.0,0.0,5685248.0,0.0,Test_cpu_eater,16554799.0,0.0,0.0,2635.0,141293.0,0.0,0.0,2055.0,0,8.0,8,0,0,0,0,0,0,42267050000000.0
5,,,,,,,,,0,,0,0,7361674,0,0,25544d0b40e9a5f144e40323807e7b69a841f7ea88f0298fe9db72a9413d50c1,5185536.0,0.0,0.0,0.0,9.223372036854772e+18,0.0,0.0,0.0,8255848448.0,0.0,6094848.0,1493.0,0.0,1266.0,0.0,5185536.0,0.0,5185536.0,0.0,0.0,0.0,0.0,0.0,0.0,1493.0,0.0,1266.0,0.0,5185536.0,0.0,0.0,0.0,0.0,5685248.0,0.0,Test_cpu_eater,17921868.0,0.0,0.0,3303.0,182678.0,0.0,0.0,2654.0,0,8.0,8,0,0,0,0,0,0,42283120000000.0
6,,,,,,,,,0,,0,0,7361674,0,0,25544d0b40e9a5f144e40323807e7b69a841f7ea88f0298fe9db72a9413d50c1,5185536.0,0.0,0.0,0.0,9.223372036854772e+18,0.0,0.0,0.0,8255848448.0,0.0,6094848.0,1493.0,0.0,1266.0,0.0,5185536.0,0.0,5185536.0,0.0,0.0,0.0,0.0,0.0,0.0,1493.0,0.0,1266.0,0.0,5185536.0,0.0,0.0,0.0,0.0,5685248.0,0.0,Test_cpu_eater,24023590.0,0.0,0.0,3933.0,208301.0,0.0,0.0,3021.0,0,8.0,8,0,0,0,0,0,0,42299100000000.0
7,,,,,,,,,0,,0,0,7361674,0,0,25544d0b40e9a5f144e40323807e7b69a841f7ea88f0298fe9db72a9413d50c1,5185536.0,0.0,0.0,0.0,9.223372036854772e+18,0.0,0.0,0.0,8255848448.0,0.0,6094848.0,1493.0,0.0,1266.0,0.0,5185536.0,0.0,5185536.0,0.0,0.0,0.0,0.0,0.0,0.0,1493.0,0.0,1266.0,0.0,5185536.0,0.0,0.0,0.0,0.0,5685248.0,0.0,Test_cpu_eater,24023660.0,0.0,0.0,3934.0,208301.0,0.0,0.0,3021.0,0,8.0,8,0,0,0,0,0,0,42315100000000.0
8,,,,,,,,,0,,0,0,7361674,0,0,25544d0b40e9a5f144e40323807e7b69a841f7ea88f0298fe9db72a9413d50c1,5185536.0,0.0,0.0,0.0,9.223372036854772e+18,0.0,0.0,0.0,8255848448.0,0.0,6094848.0,1493.0,0.0,1266.0,0.0,5185536.0,0.0,5185536.0,0.0,0.0,0.0,0.0,0.0,0.0,1493.0,0.0,1266.0,0.0,5185536.0,0.0,0.0,0.0,0.0,5685248.0,0.0,Test_cpu_eater,24023767.0,0.0,0.0,3935.0,208371.0,0.0,0.0,3022.0,0,8.0,8,0,0,0,0,0,0,42331170000000.0
9,,,,,,,,,0,,0,0,7361674,0,0,25544d0b40e9a5f144e40323807e7b69a841f7ea88f0298fe9db72a9413d50c1,5185536.0,0.0,0.0,0.0,9.223372036854772e+18,0.0,0.0,0.0,8255848448.0,0.0,6094848.0,1493.0,0.0,1266.0,0.0,5185536.0,0.0,5185536.0,0.0,0.0,0.0,0.0,0.0,0.0,1493.0,0.0,1266.0,0.0,5185536.0,0.0,0.0,0.0,0.0,5685248.0,0.0,Test_cpu_eater,24023767.0,0.0,0.0,3935.0,208371.0,0.0,0.0,3022.0,0,8.0,8,0,0,0,0,0,0,42347350000000.0
10,,,,,,,,,0,,0,0,7634444,0,0,25544d0b40e9a5f144e40323807e7b69a841f7ea88f0298fe9db72a9413d50c1,5185536.0,0.0,0.0,0.0,9.223372036854772e+18,0.0,0.0,0.0,8255848448.0,0.0,6094848.0,1493.0,0.0,1266.0,0.0,5185536.0,0.0,5185536.0,0.0,0.0,0.0,0.0,0.0,0.0,1493.0,0.0,1266.0,0.0,5185536.0,0.0,0.0,0.0,0.0,5685248.0,0.0,Test_cpu_eater,24023767.0,0.0,0.0,3935.0,208371.0,0.0,0.0,3022.0,0,8.0,8,0,0,0,0,0,0,42363510000000.0
11,,,,,,,,,0,,0,0,7634444,0,0,25544d0b40e9a5f144e40323807e7b69a841f7ea88f0298fe9db72a9413d50c1,5185536.0,0.0,0.0,0.0,9.223372036854772e+18,0.0,0.0,0.0,8255848448.0,0.0,6094848.0,1493.0,0.0,1266.0,0.0,5185536.0,0.0,5185536.0,0.0,0.0,0.0,0.0,0.0,0.0,1493.0,0.0,1266.0,0.0,5185536.0,0.0,0.0,0.0,0.0,5685248.0,0.0,Test_cpu_eater,24023767.0,0.0,0.0,3935.0,208371.0,0.0,0.0,3022.0,0,8.0,8,0,0,0,0,0,0,42379470000000.0
12,,,,,,,,,0,,0,0,7634444,0,0,25544d0b40e9a5f144e40323807e7b69a841f7ea88f0298fe9db72a9413d50c1,5185536.0,0.0,0.0,0.0,9.223372036854772e+18,0.0,0.0,0.0,8255848448.0,0.0,6094848.0,1493.0,0.0,1266.0,0.0,5185536.0,0.0,5185536.0,0.0,0.0,0.0,0.0,0.0,0.0,1493.0,0.0,1266.0,0.0,5185536.0,0.0,0.0,0.0,0.0,5685248.0,0.0,Test_cpu_eater,24023767.0,0.0,0.0,3935.0,208371.0,0.0,0.0,3022.0,0,8.0,8,0,0,0,0,0,0,42395570000000.0
13,,,,,,,,,0,,0,0,7634444,0,0,25544d0b40e9a5f144e40323807e7b69a841f7ea88f0298fe9db72a9413d50c1,5185536.0,0.0,0.0,0.0,9.223372036854772e+18,0.0,0.0,0.0,8255848448.0,0.0,6094848.0,1493.0,0.0,1266.0,0.0,5185536.0,0.0,5185536.0,0.0,0.0,0.0,0.0,0.0,0.0,1493.0,0.0,1266.0,0.0,5185536.0,0.0,0.0,0.0,0.0,5685248.0,0.0,Test_cpu_eater,24043204.0,0.0,0.0,3943.0,209273.0,0.0,0.0,3033.0,0,8.0,8,0,0,0,0,0,0,42411600000000.0
14,,,,,,,,,0,,0,0,7634444,0,0,25544d0b40e9a5f144e40323807e7b69a841f7ea88f0298fe9db72a9413d50c1,5185536.0,0.0,0.0,0.0,9.223372036854772e+18,0.0,0.0,0.0,8255848448.0,0.0,6094848.0,1493.0,0.0,1266.0,0.0,5185536.0,0.0,5185536.0,0.0,0.0,0.0,0.0,0.0,0.0,1493.0,0.0,1266.0,0.0,5185536.0,0.0,0.0,0.0,0.0,5685248.0,0.0,Test_cpu_eater,24043274.0,0.0,0.0,3944.0,209273.0,0.0,0.0,3033.0,0,8.0,8,0,0,0,0,0,0,42427710000000.0
15,,,,,,,,,0,,0,0,7634444,0,0,25544d0b40e9a5f144e40323807e7b69a841f7ea88f0298fe9db72a9413d50c1,5185536.0,0.0,0.0,0.0,9.223372036854772e+18,0.0,0.0,0.0,8255848448.0,0.0,6094848.0,1493.0,0.0,1266.0,0.0,5185536.0,0.0,5185536.0,0.0,0.0,0.0,0.0,0.0,0.0,1493.0,0.0,1266.0,0.0,5185536.0,0.0,0.0,0.0,0.0,5685248.0,0.0,Test_cpu_eater,24043274.0,0.0,0.0,3944.0,209273.0,0.0,0.0,3033.0,0,8.0,8,0,0,0,0,0,0,42443750000000.0
16,,,,,,,,,0,,0,0,0,0,0,"25544d0b40e9a5f144e40323807e7b69a841f7ea88f0298fe9db72a9413d50c1""",,,,,,,,,,,,,,,,,,,,,,,,,,,,,,,,,,,,Test_cpu_eater,,,,,,,,,0,,0,0,0,0,0,0,0,
